﻿<?xml version="1.0" encoding="utf-8"?>
<SpreadReceiverSettings xmlns:xsi="http://www.w3.org/2001/XMLSchema-instance" xmlns:xsd="http://www.w3.org/2001/XMLSchema">
  <ShowMessageBoxOnException>false</ShowMessageBoxOnException>
  <ApplicationName>Figlut Spread Receiver REST API</ApplicationName>
  <SmsNotificationsEnabled>true</SmsNotificationsEnabled>
  <SmsDatabaseLoggingEnabled>true</SmsDatabaseLoggingEnabled>
  <SmsProvider>Zoom</SmsProvider><!--Zoom/Clickatell-->
  <ZoomUrl>https://zoomconnect.com/zoom/api/rest/v1/sms/send</ZoomUrl>
  <ZoomAccountEmailAddress>paul.kolozsvari@binarychef.com</ZoomAccountEmailAddress>
  <ZoomAccountToken>14242598-7cd2-470c-80a0-9a8e80c999eb</ZoomAccountToken>
  <ClickatellUrl>http://api.clickatell.com/http/sendmsg</ClickatellUrl>
  <ClickatellUser>paulkolo</ClickatellUser>
  <ClickatellPassword>XMRDMMgTCbERFP</ClickatellPassword>
  <ClickatellApiId>3531847</ClickatellApiId>
  <SmsReceivedQueueProcessorId>999ED78E-1CB6-4A56-89AD-AEA9DA63A035</SmsReceivedQueueProcessorId>
  <SmsSentQueueProcessorId>232E0992-CA64-4C1E-B960-A79469927D5A</SmsSentQueueProcessorId>
  <SmsDeliveryReportQueueProcessorId>BA82D2D2-B6BD-4281-B396-D327FE94CE9D</SmsDeliveryReportQueueProcessorId>
  <EmailNotificationsEnabled>false</EmailNotificationsEnabled>
  <EmailDatabaseLoggingEnabled>true</EmailDatabaseLoggingEnabled>
  <EmailDatabaseLogMessageContents>true</EmailDatabaseLogMessageContents>
  <EmailProvider>GMail</EmailProvider><!--GMail-->
  <GMailSMTPServer>smtp.gmail.com</GMailSMTPServer>
  <GMailSmtpUserName>paulkolo@figlut.com</GMailSmtpUserName>
  <GMailSmtpPassword>T665h%NJa</GMailSmtpPassword>
  <GMailSmtpPort>587</GMailSmtpPort>
  <SenderEmailAddress>notifications@Figlut.Spread.com</SenderEmailAddress>
  <SenderDisplayName>Figlut.Spread Notification</SenderDisplayName>
  <IncludeDefaultEmailRecipients>true</IncludeDefaultEmailRecipients>
  <DefaultEmailRecipients>
    <EmailNotificationRecipient>
      <EmailAddress>paulkolo@figlut.com</EmailAddress>
      <DisplayName>Paul Kolozsvari</DisplayName>
    </EmailNotificationRecipient>
    <EmailNotificationRecipient>
      <EmailAddress>pkolozsvari@gmail.com</EmailAddress>
      <DisplayName>Paul Kolozsvari</DisplayName>
    </EmailNotificationRecipient>
  </DefaultEmailRecipients>
  <LogToFile>false</LogToFile>
  <LogToWindowsEventLog>true</LogToWindowsEventLog>
  <LogToConsole>true</LogToConsole>
  <LogFileName>FSpread.Log.txt</LogFileName>
  <EventSourceName>FSpread.Source</EventSourceName>
  <EventLogName>FSpread.Log</EventLogName>
  <LoggingLevel>Maximum</LoggingLevel>
  <DatabaseConnectionString>Data Source=PAULKOLOZSV38D1\MSSQLSERVER2012;Initial Catalog=FiglutSpread;Persist Security Info=True;User ID=sa;Password=27830529</DatabaseConnectionString>
  <DatabaseCommandTimeout>30000</DatabaseCommandTimeout>
  <LinqToSQLClassesAssemblyFileName>Figlut.Spread.ORM.dll</LinqToSQLClassesAssemblyFileName>
  <LinqToSQLClassesNamespace>Figlut.Spread.ORM</LinqToSQLClassesNamespace>
  <HostAddressSuffix>FiglutSpreadReceiver</HostAddressSuffix>
  <PortNumber>2984</PortNumber>
  <UseAuthentication>false</UseAuthentication>
  <IncludeExceptionDetailInResponse>false</IncludeExceptionDetailInResponse>
  <TextResponseEncoding>UTF8</TextResponseEncoding>
  <MaxBufferPoolSize>2147483647</MaxBufferPoolSize>
  <MaxBufferSize>2147483647</MaxBufferSize>
  <MaxReceivedMessageSize>2147483647</MaxReceivedMessageSize>
  <TraceHttpMessages>false</TraceHttpMessages>
  <TraceHttpMessageHeaders>false</TraceHttpMessageHeaders>
  <AuditServiceCalls>true</AuditServiceCalls>

</SpreadReceiverSettings>